[
    {
        "Τίτλος": "headach elderli",
        "Συγγραφείς": [
            "robert g kaniecki",
            "andrew levin",
            "robert g kaniecki et al",
            "robert g kaniecki",
            "andrew levin"
        ],
        "Περίληψη": "abstract headach common neurolog symptom affect nearli half world popul given time although preval declin age headach remain common neurolog complaint among elderli popul headach divid primari secondari caus primari headach compris twothird headach among elderli defin clinic criteria diagnos base symptom pattern exclus secondari caus primari headach includ migrain tensiontyp trigemin autonom cephalalgia hypnic headach secondari headach defin suspect etiolog higher index suspicion secondari headach disord warrant older patient newonset headach roughli time like seriou underli caus frequent differ symptomat present compar younger adult variou imag laboratori evalu indic presenc red flag sign symptom head ct procedur choic acut headach present brain mri chronic headach complaint manag headach elderli popul challeng due presenc multipl medic comorbid polypharmaci differ drug metabol clearanc keyword elderli facial pain headach migrain",
        "Ημερομηνία Δημοσίευσης": "2019:167:511-528."
    },
    {
        "Τίτλος": "evalu manag emerg depart headach",
        "Συγγραφείς": [
            "levi filler",
            "murtaza akhter",
            "perrin nimlo",
            "levi filler et al",
            "levi filler",
            "murtaza akhter",
            "perrin nimlo"
        ],
        "Περίληψη": "abstract acut headach emerg depart ed pose diagnost dilemma may overwhelm provid attempt weigh cost advanc workup risk miss seriou patholog major headach concern benign primari headach disord identifi lifethreaten secondari caus headachewhich may broadli categor structur infecti vascular causesi primari focu evalu ed secondari headach associ high morbid mortal requir strict scrutini histori physic examin adequ riskstratifi patient innov emerg technolog may assist provid diagnosi headach challeng previou goldstandard diagnost evalu herein present gener overview workup manag headach ed special section diagnost consider evalu acut mening subarachnoid hemorrhag acut angleclosur glaucoma",
        "Ημερομηνία Δημοσίευσης": "2019 Feb;39(1):20-26."
    },
    {
        "Τίτλος": "epidemiolog headach children adolescentsanoth type pandemia",
        "Συγγραφείς": [
            "vera nieswand",
            "matthia richter",
            "gudrun gossrau",
            "vera nieswand et al",
            "vera nieswand",
            "matthia richter",
            "gudrun gossrau"
        ],
        "Περίληψη": "abstract purpos review headach respons restrict everyday life adult children adolesc regular headach lead also reduc life qualiti limit social sphere school educ profession career provid overview frequenc headach children adolesc aim increas awar particular health issu recent find overal headach preval children adolesc increas recent year variou region worldwid data describ headach form consequ grow addit factor frequent correl headach repeatedli investig name besid genet factor psychosoci behavior factor link preval headach increas evid indic headach underestim common disord children adolesc accordingli littl emphasi place societi prevent treatment thu extent social health econom burden frequent headach children adolesc need better illustr worldwid furthermor data collect review support effort improv outpati therapi path young headach patient factor correl headach pupil draw attent unmet need patient allow physician deriv import therapi content data keyword headach epidemiolog headach preval pediatr headach",
        "Ημερομηνία Δημοσίευσης": "2020 Aug 25;24(10):62."
    },
    {
        "Τίτλος": "headach classif diagnosi",
        "Συγγραφείς": [
            "p carbaat",
            "e g couturi",
            "p carbaat et al",
            "p carbaat",
            "e g couturi"
        ],
        "Περίληψη": "abstract english dutch mani type headach moreov mani peopl differ type headach time adequ treatment possibl basi correct diagnosi technic term content current diagnost process headach base intern classif headach disord ichdbeta produc auspic intern headach societi classif base distinct primari secondari headach common primari headach type tension type headach migrain cluster headach applic uniform diagnost concept essenti come appropri treatment variou type headach er zijn vele soorten hoofdpijn en bovendien hebben veel mensen verschillend soorten hoofdpijn tegelijkertijd een adequ behandel alleen mogelijk op basi van de juist diagnos technisch en inhoudelijk de huidig diagnostiek van hoofdpijn gebaseerd op de intern classif headach disord ichdbeta die opgesteld onder auspicin van de intern headach societi deze classificati gaat uit van primair en secundair hoofdpijnen de meest voorkomend primair hoofdpijnen zijn spanningshoofdpijn migrain en clusterhoofdpijn toepass van eenduidig diagnostisch begrippen essentieel om te komen tot de meest geigend behandel van de verschillend soorten hoofdpijn",
        "Ημερομηνία Δημοσίευσης": "2016 Nov;123(11):539-544."
    },
    {
        "Τίτλος": "pediatr headach attribut infect",
        "Συγγραφείς": [
            "suzi mascaro walter",
            "maria laderman",
            "pretti polk",
            "suzi mascaro walter et al",
            "suzi mascaro walter",
            "maria laderman",
            "pretti polk"
        ],
        "Περίληψη": "abstract pediatr headach attribut infect typic relat nonlif threaten ill upper respiratori tract infect rhinosinus although less common secondari headach relat life threaten infect frequent associ mening review provid overview intern classif headach disord third edit ichd categori infect contribut secondari headach describ clinic present present focus review relev diagnos associ headach type understand headach attribut infect provid foundat distinguish secondari headach variou etiolog infecti disord",
        "Ημερομηνία Δημοσίευσης": "2021 Dec:40:100923."
    },
    {
        "Τίτλος": "headach multipl sclerosi",
        "Συγγραφείς": [
            "marcel gebhardt",
            "peter kropp",
            "frank hoffmann",
            "uwe k zettl",
            "marcel gebhardt et al",
            "marcel gebhardt",
            "peter kropp",
            "frank hoffmann",
            "uwe k zettl"
        ],
        "Περίληψη": "abstract relationship headach multipl sclerosi ms matter controversi year headach still rate red flag indic altern diagnos ms although last year numer studi shown frequent associ headach ms recent studi ms patient link found lower ageshort diseas durat ms frequent headach studi patient manifest ms first time show highest headach preval ms report farheadach also possibl side effect diseasemodifi ms drug mani case howev headach appear symptom ms term secondari headach also support pathophysiolog implic exampl detect b cell follicl mening ms patientsmigrain common type headach ms case comorbid two diseas mani similar headach caus inflammatori ms lesion also appear phenomenolog similar classic migrain thu distinguish often success help thorough differenti diagnost cerebrospin fluid mri etcth task futur studi must specifi phenomenolog headach ms even precis order gain knowledg among other patient radiolog isol syndrom often suffer headach patient consider differenti diagnost therapeut uncertainti exist keyword calcitonin generel peptid clinic isol syndrom migrain radiolog isol syndrom secondari headach",
        "Ημερομηνία Δημοσίευσης": "2020 Oct;91(10):926-935."
    },
    {
        "Τίτλος": "evalu headach patient cancer",
        "Συγγραφείς": [
            "carolyn bernstein",
            "carolyn bernstein",
            "carolyn bernstein"
        ],
        "Περίληψη": "abstract headach common complaint often benign patient cancer describ new headach import ensur emerg concern etiolog includ metastat diseas review articl detail primari secondari headach red flagsth donotmiss warn signsar describ initi approach evalu includ suggest imag featur look target examin request consult outlin overview headach etiolog describ particular emphasi common type migrain tension classif headach base criteria intern classif headach disord rd edit beta version review medic use treatment includ newer biolog agent describ detail abort prevent medic therapi suggest complementari integr therapi may synergist treat cancer symptom outlin includ mind therapi gain traction treat varieti medic condit reader understand headach evalu patient cancer know formul plan diagnosi addit reader gain familiar common treatment pharmacolog complementaryintegr keyword cancer headach migrain secondari headach tensiontyp headach",
        "Ημερομηνία Δημοσίευσης": "2021 Dec 1;127(23):4368-4375."
    },
    {
        "Τίτλος": "child headach",
        "Συγγραφείς": [
            "keshavamurthi mysor lakshmikantha",
            "karthi nallasami",
            "keshavamurthi mysor lakshmikantha et al",
            "keshavamurthi mysor lakshmikantha",
            "karthi nallasami"
        ],
        "Περίληψη": "abstract headach common complaint parent seek pediatrician consult headach seen increas frequenc age onward peak older children adolesc children secondari headach due underli etiolog far common primari headach due migrain recognit tempor pattern headach along focus neurolog examin help narrow etiolog key goal urgent care assess identifi children underli seriou ill requir stabil urgent referr benign caus symptomat treatment analges like paracetamol ibuprofen would suffic initi identif underli condit would lead appropri manag particularli primari headach keyword headach migrain",
        "Ημερομηνία Δημοσίευσης": "2018 Jan;85(1):66-70."
    },
    {
        "Τίτλος": "postdur punctur headach",
        "Συγγραφείς": [
            "katharina kamm",
            "stefani frderreuth",
            "katharina kamm et al",
            "katharina kamm",
            "stefani frderreuth"
        ],
        "Περίληψη": "abstract english german postdur punctur headach belong group secondari headach disord typic complic intend unintend dural punctur main symptom orthostat headach accompani neurolog symptom diplopia depend extent cerebrospin fluid leak cours headach predominantli benign show spontan improv coupl day although sever case describ literatur follow articl provid overview current knowledg headach pathophysiolog diagnost workup therapi der postpunktionel kopfschmerz gehrt zu den sekundren kopfschmerzen und kann al komplik nach einer punktion de liquorraum auftreten hauptsymptom ist ein orthostatisch kopfschmerz der je nach schwere de liquorleck mit anderen neurologischen symptomen wie sehstrungen einhergehen kann der postpunktionel kopfschmerz hat einen berwiegend benignen verlauf mit spontan besserung nach einigen tagen dennoch sind selten schwerwiegend verluf beschrieben im vorliegenden beitrag soll der aktuel stand der pathophysiologi diagnostik und therapi de postpunktionellen kopfschmerz dargestellt werden keyword blood patch epidur caffein lumbar puncturecompl postdur punctur headachepathophysiolog theophyllin",
        "Ημερομηνία Δημοσίευσης": "2021 Apr;35(2):139-149."
    },
    {
        "Τίτλος": "headach diagnosi children adolesc",
        "Συγγραφείς": [
            "jasmin dao",
            "william qubti",
            "jasmin dao et al",
            "jasmin dao",
            "william qubti"
        ],
        "Περίληψη": "abstract purpos review headach phenotyp differ adult children headach due primari headach disord small popul indic potenti lifethreaten neurolog condit challeng lie identifi warn sign warrant workup articl review differ type pediatr headach headach evalu children teen focus approach diagnosi secondari headach recent find common thought increas frequenc sever headach may reflect secondari patholog howev headach phenotyp may fulli develop evolv adolesc adulthood headach locat particularli occipit headach alon necessarili signifi secondari intracrani patholog certain warn sign warrant neuroimag other warrant imag certain clinic context brain mri neuroimag modal choic though high rate incident find often chang headach manag stepwis approach essenti avoid miss secondari headach sever differ adult children clinic manifest headach evalu diagnosi pediatr headach start thorough headach medic histori famili social histori identif risk factor thorough physic neurolog exam import close attent featur could suggest secondari headach patholog neuroimag test perform concern secondari headach keyword adolesc headach pediatr migrain red flag secondari headach",
        "Ημερομηνία Δημοσίευσης": "2018 Feb 23;22(3):17."
    }
]